<?xml version="1.0" ?>
<ScienceCalendar xmlns="/pandora/calendar/">
<Meta Valid_From="2026-01-05 00:00:00" Expires="2026-02-5 00:00:00" Calendar_Weights="0.0, 0.0, 1.0" Ephemeris="sma=6828.14, ecc=0.0, inc=97.2188, aop=0.0, raan=303.263, ta=0.0" Keepout_Angles="90.0, 25.0, 63.0" Created="2025-09-19 14:20:52.506870" Delivery_Id=""/>
    <Visit>
        <ID>0310</ID>
        <Observation_Sequence>
            <ID>002</ID>
            <Observational_Parameters>
                <Target>pnt103_46461+001_44444</Target>
                <Priority>1</Priority>
                <Timing>
                    <Start>2026-01-15 16:56:01.264413</Start>
                    <Stop>2026-01-15 16:56:41.264413</Stop>
                </Timing>
                <Boresight>
                    <RA>103.46461115415619</RA>
                    <DEC>1.4444444444443754</DEC>
                </Boresight>
            </Observational_Parameters>
            <Payload_Parameters>
                <AcquireVisCamImages>
                    <TargetID>pnt103_46461+001_44444</TargetID>
                    <ROI_StartX>384</ROI_StartX>
                    <ROI_StartY>384</ROI_StartY>
                    <ROI_SizeX>1280</ROI_SizeX>
                    <ROI_SizeY>1280</ROI_SizeY>
                    <SendThumbnails>1</SendThumbnails>
                    <ThumbnailCompressionType>1</ThumbnailCompressionType>
                    <RiceX>3</RiceX>
                    <RiceY>11</RiceY>
                    <SaveImagesToDisk>1</SaveImagesToDisk>
                    <NumExposures>200</NumExposures>
                    <ExposureTime_us>200000</ExposureTime_us>
                </AcquireVisCamImages>
            </Payload_Parameters>
        </Observation_Sequence>
    </Visit>
</ScienceCalendar>