<?xml version="1.0" ?>
<ScienceCalendar xmlns="/pandora/calendar/">
<Meta Valid_From="2026-01-05 00:00:00" Expires="2026-02-5 00:00:00" Calendar_Weights="0.0, 0.0, 1.0" Ephemeris="sma=6828.14, ecc=0.0, inc=97.2188, aop=0.0, raan=303.263, ta=0.0" Keepout_Angles="90.0, 25.0, 63.0" Created="2025-09-19 14:20:52.506870" Delivery_Id=""/>
    <Visit>
        <ID>0312</ID>
        <Observation_Sequence>
            <ID>000</ID>
            <Observational_Parameters>
                <Target>G3138472211104167808</Target>
                <Priority>1</Priority>
                <Timing>
                    <Start>2026-01-15 14:26:57.573678</Start>
                    <Stop>2026-01-15 16:06:57.573678</Stop>
                </Timing>
                <Boresight>
                    <RA>115.107468</RA>
                    <DEC>5.201821</DEC>
                </Boresight>
            </Observational_Parameters>
            <Payload_Parameters>
                <AcquireVisCamScienceData>
                    <IncludeFieldSolnsInResp>1</IncludeFieldSolnsInResp>
                    <ROI_StartX>384</ROI_StartX>
                    <ROI_StartY>384</ROI_StartY>
                    <ROI_SizeX>1280</ROI_SizeX>
                    <ROI_SizeY>1280</ROI_SizeY>
                    <MaxMagnitudeInQuadCatalog>16.5</MaxMagnitudeInQuadCatalog>
                    <SaveImagesToDisk>1</SaveImagesToDisk>
                    <RiceX>5</RiceX>
                    <RiceY>25</RiceY>
                    <SendThumbnails>0</SendThumbnails>
                    <TargetID>G3138472211104167808</TargetID>
                    <TargetRA>115.107468</TargetRA>
                    <TargetDEC>5.201821</TargetDEC>
                    <StarRoiDetMethod>1</StarRoiDetMethod>
                    <numPredefinedStarRois>3</numPredefinedStarRois>
                    <PredefinedStarRoiRa>
                        <RA1>115.107468</RA1>
                        <RA2>115.217035</RA2>
                        <RA3>115.035402</RA3>
                    </PredefinedStarRoiRa>
                    <PredefinedStarRoiDec>
                       <Dec1>5.201821</Dec1>
                       <Dec2>5.196195</Dec2>
                       <Dec3>5.184583</Dec3>
                    </PredefinedStarRoiDec>
                    <FramesPerCoadd>1</FramesPerCoadd>
                    <ExposureTime_us>200000</ExposureTime_us>
                    <MaxNumStarRois>3</MaxNumStarRois>
                    <StarRoiDimension>200</StarRoiDimension>
                    <NumTotalFramesRequested>30000</NumTotalFramesRequested>
                </AcquireVisCamScienceData>
            </Payload_Parameters>
        </Observation_Sequence>
    </Visit>
</ScienceCalendar>