<?xml version="1.0" ?>
<ScienceCalendar xmlns="/pandora/calendar/">
<Meta Valid_From="2026-01-05 00:00:00" Expires="2026-02-5 00:00:00" Calendar_Weights="0.0, 0.0, 1.0" Ephemeris="sma=6828.14, ecc=0.0, inc=97.2188, aop=0.0, raan=303.263, ta=0.0" Keepout_Angles="90.0, 25.0, 63.0" Created="2025-09-19 14:20:52.506870" Delivery_Id=""/>
    <Visit>
        <ID>0315</ID>
        <Observation_Sequence>
            <ID>007</ID>
            <Observational_Parameters>
                <Target>G4017930742788615552</Target>
                <Priority>1</Priority>
                <Timing>
                    <Start>2026-01-14 20:56:24.801059</Start>
                    <Stop>2026-01-14 20:58:24.801059</Stop>
                </Timing>
                <Boresight>
                    <RA>176.729457161733</RA>
                    <DEC>27.128283636260967</DEC>
                </Boresight>
            </Observational_Parameters>
            <Payload_Parameters>
                <AcquireVisCamScienceData>
                    <IncludeFieldSolnsInResp>1</IncludeFieldSolnsInResp>
                    <ROI_StartX>384</ROI_StartX>
                    <ROI_StartY>384</ROI_StartY>
                    <ROI_SizeX>1280</ROI_SizeX>
                    <ROI_SizeY>1280</ROI_SizeY>
                    <MaxMagnitudeInQuadCatalog>16.5</MaxMagnitudeInQuadCatalog>
                    <SaveImagesToDisk>1</SaveImagesToDisk>
                    <RiceX>5</RiceX>
                    <RiceY>25</RiceY>
                    <SendThumbnails>0</SendThumbnails>
                    <TargetID>G4017930742788615552</TargetID>
                    <TargetRA>176.729457161733</TargetRA>
                    <TargetDEC>27.0395369695943</TargetDEC>
                    <StarRoiDetMethod>1</StarRoiDetMethod>
                    <numPredefinedStarRois>2</numPredefinedStarRois>
                    <PredefinedStarRoiRa>
                        <RA1>176.729457161733</RA1>
                        <RA2>176.738165333805</RA2>
                    </PredefinedStarRoiRa>
                    <PredefinedStarRoiDec>
                       <Dec1>27.0395369695943</Dec1>
                       <Dec2>27.0230083215405</Dec2>
                    </PredefinedStarRoiDec>
                    <FramesPerCoadd>1</FramesPerCoadd>
                    <ExposureTime_us>200000</ExposureTime_us>
                    <MaxNumStarRois>2</MaxNumStarRois>
                    <StarRoiDimension>200</StarRoiDimension>
                    <NumTotalFramesRequested>600</NumTotalFramesRequested>
                </AcquireVisCamScienceData>
            </Payload_Parameters>
        </Observation_Sequence>
    </Visit>
</ScienceCalendar>