<?xml version="1.0" ?>
<ScienceCalendar xmlns="/pandora/calendar/">
<Meta Valid_From="2026-01-05 00:00:00" Expires="2026-02-5 00:00:00" Calendar_Weights="0.0, 0.0, 1.0" Ephemeris="sma=6828.14, ecc=0.0, inc=97.2188, aop=0.0, raan=303.263, ta=0.0" Keepout_Angles="90.0, 25.0, 63.0" Created="2025-09-19 14:20:52.506870" Delivery_Id=""/>
    <Visit>
        <ID>0318</ID>
        <Observation_Sequence>
            <ID>004</ID>
            <Observational_Parameters>
                <Target>G3143682556189212672</Target>
                <Priority>1</Priority>
                <Timing>
                    <Start>2026-01-15 21:38:41.848304</Start>
                    <Stop>2026-01-15 21:55:32.382304</Stop>
                </Timing>
                <Boresight>
                    <RA>118.985495</RA>
                    <DEC>5.729931</DEC>
                </Boresight>
            </Observational_Parameters>
            <Payload_Parameters>
                <AcquireInfCamImages>
                    <AverageGroups>0</AverageGroups>
                    <ROI_StartX>1536</ROI_StartX>
                    <ROI_StartY>400</ROI_StartY>
                    <ROI_SizeX>512</ROI_SizeX>
                    <ROI_SizeY>1100</ROI_SizeY>
                    <RiceX>5</RiceX>
                    <RiceY>28</RiceY>
                    <SaveImagesToDisk>1</SaveImagesToDisk>
                    <SendThumbnails>1</SendThumbnails>
                    <ThumbnailBinSize>1</ThumbnailBinSize>
                    <ThumbnailCompressionType>1</ThumbnailCompressionType>
                    <TargetID>G3143682556189212672</TargetID>
                    <SC_Resets1>1</SC_Resets1>
                    <SC_Resets2>1</SC_Resets2>
                    <SC_DropFrames1>0</SC_DropFrames1>
                    <SC_DropFrames2>0</SC_DropFrames2>
                    <SC_DropFrames3>0</SC_DropFrames3>
                    <SC_ReadFrames>6</SC_ReadFrames>
                    <SC_Groups>1</SC_Groups>
                    <SC_Integrations>25</SC_Integrations>
                </AcquireInfCamImages>
                <AcquireVisCamScienceData>
                    <IncludeFieldSolnsInResp>1</IncludeFieldSolnsInResp>
                    <ROI_StartX>384</ROI_StartX>
                    <ROI_StartY>384</ROI_StartY>
                    <ROI_SizeX>1280</ROI_SizeX>
                    <ROI_SizeY>1280</ROI_SizeY>
                    <MaxMagnitudeInQuadCatalog>16.5</MaxMagnitudeInQuadCatalog>
                    <SaveImagesToDisk>1</SaveImagesToDisk>
                    <RiceX>5</RiceX>
                    <RiceY>25</RiceY>
                    <SendThumbnails>0</SendThumbnails>
                    <TargetID>G3143682556189212672</TargetID>
                    <TargetRA>118.985495</TargetRA>
                    <TargetDEC>5.825131</TargetDEC>
                    <StarRoiDetMethod>1</StarRoiDetMethod>
                    <numPredefinedStarRois>1</numPredefinedStarRois>
                    <PredefinedStarRoiRa>
                        <RA1>118.985495</RA1>
                    </PredefinedStarRoiRa>
                    <PredefinedStarRoiDec>
                       <Dec1>5.825131</Dec1>
                    </PredefinedStarRoiDec>
                    <FramesPerCoadd>29</FramesPerCoadd>
                    <ExposureTime_us>200000</ExposureTime_us>
                    <MaxNumStarRois>1</MaxNumStarRois>
                    <StarRoiDimension>200</StarRoiDimension>
                    <NumTotalFramesRequested>5046</NumTotalFramesRequested>
                </AcquireVisCamScienceData>
            </Payload_Parameters>
        </Observation_Sequence>
    </Visit>
</ScienceCalendar>