<?xml version="1.0" ?>
<ScienceCalendar xmlns="/pandora/calendar/">
<Meta Valid_From="2026-01-05 00:00:00" Expires="2026-02-5 00:00:00" Calendar_Weights="0.0, 0.0, 1.0" Ephemeris="sma=6828.14, ecc=0.0, inc=97.2188, aop=0.0, raan=303.263, ta=0.0" Keepout_Angles="90.0, 25.0, 63.0" Created="2025-09-19 14:20:52.506870" Delivery_Id=""/>
    <Visit>
        <ID>0320</ID>
        <Observation_Sequence>
            <ID>000</ID>
            <Observational_Parameters>
                <Target>M81</Target>
                <Priority>1</Priority>
                <Timing>
                    <Start>2026-01-15 04:07:13.922622</Start>
                    <Stop>2026-01-15 04:17:15.474622</Stop>
                </Timing>
                <Boresight>
                    <RA>148.8189789</RA>
                    <DEC>69.1487281</DEC>
                </Boresight>
            </Observational_Parameters>
            <Payload_Parameters>
                <AcquireInfCamImages>
                    <AverageGroups>0</AverageGroups>
                    <ROI_StartX>1536</ROI_StartX>
                    <ROI_StartY>1</ROI_StartY>
                    <ROI_SizeX>512</ROI_SizeX>
                    <ROI_SizeY>2048</ROI_SizeY>
                    <RiceX>5</RiceX>
                    <RiceY>28</RiceY>
                    <SaveImagesToDisk>1</SaveImagesToDisk>
                    <SendThumbnails>1</SendThumbnails>
                    <ThumbnailBinSize>1</ThumbnailBinSize>
                    <ThumbnailCompressionType>1</ThumbnailCompressionType>
                    <TargetID>M81</TargetID>
                    <SC_Resets1>1</SC_Resets1>
                    <SC_Resets2>1</SC_Resets2>
                    <SC_DropFrames1>0</SC_DropFrames1>
                    <SC_DropFrames2>0</SC_DropFrames2>
                    <SC_DropFrames3>0</SC_DropFrames3>
                    <SC_ReadFrames>6</SC_ReadFrames>
                    <SC_Groups>1</SC_Groups>
                    <SC_Integrations>8</SC_Integrations>
                </AcquireInfCamImages>
                <AcquireVisCamImages>
                    <TargetID>M81</TargetID>
                    <ROI_StartX>384</ROI_StartX>
                    <ROI_StartY>384</ROI_StartY>
                    <ROI_SizeX>1280</ROI_SizeX>
                    <ROI_SizeY>1280</ROI_SizeY>
                    <SendThumbnails>1</SendThumbnails>
                    <ThumbnailCompressionType>1</ThumbnailCompressionType>
                    <RiceX>3</RiceX>
                    <RiceY>11</RiceY>
                    <SaveImagesToDisk>1</SaveImagesToDisk>
                    <NumExposures>3000</NumExposures>
                    <ExposureTime_us>200000</ExposureTime_us>
                </AcquireVisCamImages>
            </Payload_Parameters>
        </Observation_Sequence>
    </Visit>
</ScienceCalendar>