<?xml version="1.0" ?>
<ScienceCalendar xmlns="/pandora/calendar/">
<Meta Valid_From="2026-01-05 00:00:00" Expires="2026-02-5 00:00:00" Calendar_Weights="0.0, 0.0, 1.0" Ephemeris="sma=6828.14, ecc=0.0, inc=97.2188, aop=0.0, raan=303.263, ta=0.0" Keepout_Angles="90.0, 25.0, 63.0" Created="2025-09-19 14:20:52.506870" Delivery_Id=""/>
    <Visit>
        <ID>0321</ID>
        <Observation_Sequence>
            <ID>000</ID>
            <Observational_Parameters>
                <Target>G3550986021537860224</Target>
                <Priority>1</Priority>
                <Timing>
                    <Start>2026-01-15T20:03:50Z</Start>
                    <Stop>2026-01-15T20:05:26Z</Stop>
                </Timing>
                <Boresight>
                    <RA>163.618229</RA>
                    <DEC>-20.233939</DEC>
                </Boresight>
            </Observational_Parameters>
            <Payload_Parameters>
                <AcquireInfCamImages>
                    <AverageGroups>0</AverageGroups>
                    <ROI_StartX>1968</ROI_StartX>
                    <ROI_StartY>824</ROI_StartY>
                    <ROI_SizeX>80</ROI_SizeX>
                    <ROI_SizeY>400</ROI_SizeY>
                    <RiceX>5</RiceX>
                    <RiceY>28</RiceY>
                    <SaveImagesToDisk>1</SaveImagesToDisk>
                    <SendThumbnails>1</SendThumbnails>
                    <ThumbnailBinSize>1</ThumbnailBinSize>
                    <ThumbnailCompressionType>1</ThumbnailCompressionType>
                    <TargetID>G3550986021537860224</TargetID>
                    <SC_Resets1>1</SC_Resets1>
                    <SC_Resets2>1</SC_Resets2>
                    <SC_DropFrames1>0</SC_DropFrames1>
                    <SC_DropFrames2>0</SC_DropFrames2>
                    <SC_DropFrames3>0</SC_DropFrames3>
                    <SC_ReadFrames>25</SC_ReadFrames>
                    <SC_Groups>1</SC_Groups>
                    <SC_Integrations>10</SC_Integrations>
                </AcquireInfCamImages>
                <AcquireVisCamScienceData>
                    <IncludeFieldSolnsInResp>1</IncludeFieldSolnsInResp>
                    <ROI_StartX>384</ROI_StartX>
                    <ROI_StartY>384</ROI_StartY>
                    <ROI_SizeX>1280</ROI_SizeX>
                    <ROI_SizeY>1280</ROI_SizeY>
                    <MaxMagnitudeInQuadCatalog>16.5</MaxMagnitudeInQuadCatalog>
                    <SaveImagesToDisk>1</SaveImagesToDisk>
                    <RiceX>5</RiceX>
                    <RiceY>25</RiceY>
                    <SendThumbnails>0</SendThumbnails>
                    <TargetID>G3550986021537860224</TargetID>
                    <TargetRA>163.618229</TargetRA>
                    <TargetDEC>-20.233939</TargetDEC>
                    <StarRoiDetMethod>1</StarRoiDetMethod>
                    <numPredefinedStarRois>1</numPredefinedStarRois>
                    <PredefinedStarRoiRa>
                        <RA1>163.618229</RA1>
                    </PredefinedStarRoiRa>
                    <PredefinedStarRoiDec>
                       <Dec1>-20.233939</Dec1>
                    </PredefinedStarRoiDec>
                    <FramesPerCoadd>25</FramesPerCoadd>
                    <ExposureTime_us>200000</ExposureTime_us>
                    <MaxNumStarRois>1</MaxNumStarRois>
                    <StarRoiDimension>50</StarRoiDimension>
                    <NumTotalFramesRequested>250</NumTotalFramesRequested>
                </AcquireVisCamScienceData>
            </Payload_Parameters>
        </Observation_Sequence>
    </Visit>
</ScienceCalendar>