<?xml version="1.0" ?>
<ScienceCalendar xmlns="/pandora/calendar/">
<Meta Valid_From="2026-01-05 00:00:00" Expires="2026-02-5 00:00:00" Calendar_Weights="0.0, 0.0, 1.0" Ephemeris="sma=6828.14, ecc=0.0, inc=97.2188, aop=0.0, raan=303.263, ta=0.0" Keepout_Angles="90.0, 25.0, 63.0" Created="2025-09-19 14:20:52.506870" Delivery_Id=""/>
    <Visit>
        <ID>0350</ID>
        <Observation_Sequence>
            <ID>003</ID>
            <Observational_Parameters>
                <Target>HD_37962</Target>
                <Priority>1</Priority>
                <Timing>
                    <Start>2026-01-15T02:20:03Z</Start>
                    <Stop>2026-01-15T09:21:18Z</Stop>
                </Timing>
                <Boresight>
                    <RA>85.21601987897819</RA>
                    <DEC>-31.353748536732834</DEC>
                </Boresight>
            </Observational_Parameters>
            <Payload_Parameters>
                <AcquireInfCamImages>
                    <AverageGroups>1</AverageGroups>
                    <ROI_StartX>1968</ROI_StartX>
                    <ROI_StartY>824</ROI_StartY>
                    <ROI_SizeX>80</ROI_SizeX>
                    <ROI_SizeY>400</ROI_SizeY>
                    <RiceX>5</RiceX>
                    <RiceY>28</RiceY>
                    <SaveImagesToDisk>1</SaveImagesToDisk>
                    <SendThumbnails>1</SendThumbnails>
                    <ThumbnailBinSize>1</ThumbnailBinSize>
                    <ThumbnailCompressionType>1</ThumbnailCompressionType>
                    <TargetID>HD_37962</TargetID>
                    <SC_Resets1>1</SC_Resets1>
                    <SC_Resets2>1</SC_Resets2>
                    <SC_DropFrames1>0</SC_DropFrames1>
                    <SC_DropFrames2>16</SC_DropFrames2>
                    <SC_DropFrames3>0</SC_DropFrames3>
                    <SC_ReadFrames>1</SC_ReadFrames>
                    <SC_Groups>2</SC_Groups>
                    <SC_Integrations>3417</SC_Integrations>
                </AcquireInfCamImages>
                <AcquireVisCamScienceData>
                    <IncludeFieldSolnsInResp>1</IncludeFieldSolnsInResp>
                    <ROI_StartX>384</ROI_StartX>
                    <ROI_StartY>384</ROI_StartY>
                    <ROI_SizeX>1280</ROI_SizeX>
                    <ROI_SizeY>1280</ROI_SizeY>
                    <MaxMagnitudeInQuadCatalog>16.5</MaxMagnitudeInQuadCatalog>
                    <SaveImagesToDisk>1</SaveImagesToDisk>
                    <RiceX>5</RiceX>
                    <RiceY>25</RiceY>
                    <SendThumbnails>0</SendThumbnails>
                    <TargetID>HD_37962</TargetID>
                    <TargetRA>85.21601987897819</TargetRA>
                    <TargetDEC>-31.353748536732834</TargetDEC>
                    <StarRoiDetMethod>1</StarRoiDetMethod>
                    <numPredefinedStarRois>9</numPredefinedStarRois>
                    <PredefinedStarRoiRa>
                        <RA1>85.21601987897819</RA1>
                        <RA2>85.20424144617992</RA2>
                        <RA3>85.24886299130179</RA3>
                        <RA4>85.09467338671719</RA4>
                        <RA5>85.29477726301319</RA5>
                        <RA6>85.1671794575365</RA6>
                        <RA7>85.24041771403186</RA7>
                        <RA8>85.43334524845177</RA8>
                        <RA9>85.02665508051783</RA9>
                    </PredefinedStarRoiRa>
                    <PredefinedStarRoiDec>
                       <Dec1>-31.353748536732834</Dec1>
                       <Dec2>-31.4020348761324</Dec2>
                       <Dec3>-31.430958328242202</Dec3>
                       <Dec4>-31.38314212257112</Dec4>
                       <Dec5>-31.229657214926384</Dec5>
                       <Dec6>-31.20127390523</Dec6>
                       <Dec7>-31.520171800396213</Dec7>
                       <Dec8>-31.313033617162265</Dec8>
                       <Dec9>-31.245823158913716</Dec9>
                    </PredefinedStarRoiDec>
                    <FramesPerCoadd>50</FramesPerCoadd>
                    <ExposureTime_us>200000</ExposureTime_us>
                    <MaxNumStarRois>9</MaxNumStarRois>
                    <StarRoiDimension>50</StarRoiDimension>
                    <NumTotalFramesRequested>120000</NumTotalFramesRequested>
                </AcquireVisCamScienceData>
            </Payload_Parameters>
        </Observation_Sequence>
    </Visit>
</ScienceCalendar>