<?xml version="1.0" ?>
<ScienceCalendar xmlns="/pandora/calendar/">
<Meta Valid_From="2026-01-05 00:00:00" Expires="2026-02-5 00:00:00" Calendar_Weights="0.0, 0.0, 1.0" Ephemeris="sma=6828.14, ecc=0.0, inc=97.2188, aop=0.0, raan=303.263, ta=0.0" Keepout_Angles="90.0, 25.0, 63.0" Created="2025-09-19 14:20:52.506870" Delivery_Id=""/>
    <Visit>
        <ID>0355</ID>
        <Observation_Sequence>
            <ID>002</ID>
            <Observational_Parameters>
                <Target>HD_60753</Target>
                <Priority>1</Priority>
                <Timing>
                    <Start>2026-01-15T02:26:54Z</Start>
                    <Stop>2026-01-15T09:28:08Z</Stop>
                </Timing>
                <Boresight>
                    <RA>113.36379476503936</RA>
                    <DEC>-50.58421380767969</DEC>
                </Boresight>
            </Observational_Parameters>
            <Payload_Parameters>
                <AcquireInfCamImages>
                    <AverageGroups>1</AverageGroups>
                    <ROI_StartX>1968</ROI_StartX>
                    <ROI_StartY>824</ROI_StartY>
                    <ROI_SizeX>80</ROI_SizeX>
                    <ROI_SizeY>400</ROI_SizeY>
                    <RiceX>5</RiceX>
                    <RiceY>28</RiceY>
                    <SaveImagesToDisk>1</SaveImagesToDisk>
                    <SendThumbnails>1</SendThumbnails>
                    <ThumbnailBinSize>1</ThumbnailBinSize>
                    <ThumbnailCompressionType>1</ThumbnailCompressionType>
                    <TargetID>HD_60753</TargetID>
                    <SC_Resets1>1</SC_Resets1>
                    <SC_Resets2>1</SC_Resets2>
                    <SC_DropFrames1>0</SC_DropFrames1>
                    <SC_DropFrames2>16</SC_DropFrames2>
                    <SC_DropFrames3>0</SC_DropFrames3>
                    <SC_ReadFrames>1</SC_ReadFrames>
                    <SC_Groups>2</SC_Groups>
                    <SC_Integrations>3417</SC_Integrations>
                </AcquireInfCamImages>
                <AcquireVisCamScienceData>
                    <IncludeFieldSolnsInResp>1</IncludeFieldSolnsInResp>
                    <ROI_StartX>384</ROI_StartX>
                    <ROI_StartY>384</ROI_StartY>
                    <ROI_SizeX>1280</ROI_SizeX>
                    <ROI_SizeY>1280</ROI_SizeY>
                    <MaxMagnitudeInQuadCatalog>16.5</MaxMagnitudeInQuadCatalog>
                    <SaveImagesToDisk>1</SaveImagesToDisk>
                    <RiceX>5</RiceX>
                    <RiceY>25</RiceY>
                    <SendThumbnails>0</SendThumbnails>
                    <TargetID>HD_60753</TargetID>
                    <TargetRA>113.36379476503936</TargetRA>
                    <TargetDEC>-50.58421380767969</TargetDEC>
                    <StarRoiDetMethod>1</StarRoiDetMethod>
                    <numPredefinedStarRois>9</numPredefinedStarRois>
                    <PredefinedStarRoiRa>
                        <RA1>113.36379476503936</RA1>
                        <RA2>113.45177148445235</RA2>
                        <RA3>113.50348273635956</RA3>
                        <RA4>113.57131799156726</RA4>
                        <RA5>113.5950336700528</RA5>
                        <RA6>113.27214108159188</RA6>
                        <RA7>113.07328963501308</RA7>
                        <RA8>113.55189624457621</RA8>
                        <RA9>113.21915695350131</RA9>
                    </PredefinedStarRoiRa>
                    <PredefinedStarRoiDec>
                       <Dec1>-50.58421380767969</Dec1>
                       <Dec2>-50.52581827225321</Dec2>
                       <Dec3>-50.647727971654966</Dec3>
                       <Dec4>-50.53681824216776</Dec4>
                       <Dec5>-50.618449705976076</Dec5>
                       <Dec6>-50.76363712669955</Dec6>
                       <Dec7>-50.54091043193416</Dec7>
                       <Dec8>-50.75097233333335</Dec8>
                       <Dec9>-50.79281492748383</Dec9>
                    </PredefinedStarRoiDec>
                    <FramesPerCoadd>50</FramesPerCoadd>
                    <ExposureTime_us>200000</ExposureTime_us>
                    <MaxNumStarRois>9</MaxNumStarRois>
                    <StarRoiDimension>50</StarRoiDimension>
                    <NumTotalFramesRequested>120000</NumTotalFramesRequested>
                </AcquireVisCamScienceData>
            </Payload_Parameters>
        </Observation_Sequence>
    </Visit>
</ScienceCalendar>