<?xml version="1.0" ?>
<ScienceCalendar xmlns="/pandora/calendar/">
<Meta Valid_From="2026-01-05 00:00:00" Expires="2026-02-5 00:00:00" Calendar_Weights="0.0, 0.0, 1.0" Ephemeris="sma=6828.14, ecc=0.0, inc=97.2188, aop=0.0, raan=303.263, ta=0.0" Keepout_Angles="90.0, 25.0, 63.0" Created="2025-09-19 14:20:52.506870" Delivery_Id=""/>
    <Visit>
        <ID>0355</ID>
        <Observation_Sequence>
            <ID>001</ID>
            <Observational_Parameters>
                <Target>HD_284248</Target>
                <Priority>1</Priority>
                <Timing>
                    <Start>2026-01-15T02:26:49Z</Start>
                    <Stop>2026-01-15T09:28:04Z</Stop>
                </Timing>
                <Boresight>
                    <RA>63.651309780631344</RA>
                    <DEC>22.348999949942222</DEC>
                </Boresight>
            </Observational_Parameters>
            <Payload_Parameters>
                <AcquireInfCamImages>
                    <AverageGroups>1</AverageGroups>
                    <ROI_StartX>1968</ROI_StartX>
                    <ROI_StartY>824</ROI_StartY>
                    <ROI_SizeX>80</ROI_SizeX>
                    <ROI_SizeY>400</ROI_SizeY>
                    <RiceX>5</RiceX>
                    <RiceY>28</RiceY>
                    <SaveImagesToDisk>1</SaveImagesToDisk>
                    <SendThumbnails>1</SendThumbnails>
                    <ThumbnailBinSize>1</ThumbnailBinSize>
                    <ThumbnailCompressionType>1</ThumbnailCompressionType>
                    <TargetID>HD_284248</TargetID>
                    <SC_Resets1>1</SC_Resets1>
                    <SC_Resets2>1</SC_Resets2>
                    <SC_DropFrames1>0</SC_DropFrames1>
                    <SC_DropFrames2>16</SC_DropFrames2>
                    <SC_DropFrames3>0</SC_DropFrames3>
                    <SC_ReadFrames>1</SC_ReadFrames>
                    <SC_Groups>2</SC_Groups>
                    <SC_Integrations>3417</SC_Integrations>
                </AcquireInfCamImages>
                <AcquireVisCamScienceData>
                    <IncludeFieldSolnsInResp>1</IncludeFieldSolnsInResp>
                    <ROI_StartX>384</ROI_StartX>
                    <ROI_StartY>384</ROI_StartY>
                    <ROI_SizeX>1280</ROI_SizeX>
                    <ROI_SizeY>1280</ROI_SizeY>
                    <MaxMagnitudeInQuadCatalog>16.5</MaxMagnitudeInQuadCatalog>
                    <SaveImagesToDisk>1</SaveImagesToDisk>
                    <RiceX>5</RiceX>
                    <RiceY>25</RiceY>
                    <SendThumbnails>0</SendThumbnails>
                    <TargetID>HD_284248</TargetID>
                    <TargetRA>63.651309780631344</TargetRA>
                    <TargetDEC>22.348999949942222</TargetDEC>
                    <StarRoiDetMethod>1</StarRoiDetMethod>
                    <numPredefinedStarRois>9</numPredefinedStarRois>
                    <PredefinedStarRoiRa>
                        <RA1>63.651309780631344</RA1>
                        <RA2>63.70586103270341</RA2>
                        <RA3>63.62719024637831</RA3>
                        <RA4>63.720581532032774</RA4>
                        <RA5>63.78787496200373</RA5>
                        <RA6>63.64923035532877</RA6>
                        <RA7>63.4816110098284</RA7>
                        <RA8>63.44832226934307</RA8>
                        <RA9>63.75492148713149</RA9>
                    </PredefinedStarRoiRa>
                    <PredefinedStarRoiDec>
                       <Dec1>22.348999949942222</Dec1>
                       <Dec2>22.30297114779247</Dec2>
                       <Dec3>22.451724807607018</Dec3>
                       <Dec4>22.463168004579867</Dec4>
                       <Dec5>22.39337639419342</Dec5>
                       <Dec6>22.156251392246812</Dec6>
                       <Dec7>22.224354959852008</Dec7>
                       <Dec8>22.234848617564275</Dec8>
                       <Dec9>22.14361952193322</Dec9>
                    </PredefinedStarRoiDec>
                    <FramesPerCoadd>50</FramesPerCoadd>
                    <ExposureTime_us>200000</ExposureTime_us>
                    <MaxNumStarRois>9</MaxNumStarRois>
                    <StarRoiDimension>50</StarRoiDimension>
                    <NumTotalFramesRequested>120000</NumTotalFramesRequested>
                </AcquireVisCamScienceData>
            </Payload_Parameters>
        </Observation_Sequence>
    </Visit>
</ScienceCalendar>