<?xml version="1.0" ?>
<ScienceCalendar xmlns="/pandora/calendar/">
<Meta Valid_From="2026-01-05 00:00:00" Expires="2026-02-5 00:00:00" Calendar_Weights="0.0, 0.0, 1.0" Ephemeris="sma=6828.14, ecc=0.0, inc=97.2188, aop=0.0, raan=303.263, ta=0.0" Keepout_Angles="90.0, 25.0, 63.0" Created="2025-09-19 14:20:52.506870" Delivery_Id=""/>
    <Visit>
        <ID>0355</ID>
        <Observation_Sequence>
            <ID>000</ID>
            <Observational_Parameters>
                <Target>HD_38949</Target>
                <Priority>1</Priority>
                <Timing>
                    <Start>2026-01-15T02:26:31Z</Start>
                    <Stop>2026-01-15T09:27:46Z</Stop>
                </Timing>
                <Boresight>
                    <RA>87.08333717174848</RA>
                    <DEC>-24.46410458535725</DEC>
                </Boresight>
            </Observational_Parameters>
            <Payload_Parameters>
                <AcquireInfCamImages>
                    <AverageGroups>1</AverageGroups>
                    <ROI_StartX>1968</ROI_StartX>
                    <ROI_StartY>824</ROI_StartY>
                    <ROI_SizeX>80</ROI_SizeX>
                    <ROI_SizeY>400</ROI_SizeY>
                    <RiceX>5</RiceX>
                    <RiceY>28</RiceY>
                    <SaveImagesToDisk>1</SaveImagesToDisk>
                    <SendThumbnails>1</SendThumbnails>
                    <ThumbnailBinSize>1</ThumbnailBinSize>
                    <ThumbnailCompressionType>1</ThumbnailCompressionType>
                    <TargetID>HD_38949</TargetID>
                    <SC_Resets1>1</SC_Resets1>
                    <SC_Resets2>1</SC_Resets2>
                    <SC_DropFrames1>0</SC_DropFrames1>
                    <SC_DropFrames2>16</SC_DropFrames2>
                    <SC_DropFrames3>0</SC_DropFrames3>
                    <SC_ReadFrames>1</SC_ReadFrames>
                    <SC_Groups>2</SC_Groups>
                    <SC_Integrations>3417</SC_Integrations>
                </AcquireInfCamImages>
                <AcquireVisCamScienceData>
                    <IncludeFieldSolnsInResp>1</IncludeFieldSolnsInResp>
                    <ROI_StartX>384</ROI_StartX>
                    <ROI_StartY>384</ROI_StartY>
                    <ROI_SizeX>1280</ROI_SizeX>
                    <ROI_SizeY>1280</ROI_SizeY>
                    <MaxMagnitudeInQuadCatalog>16.5</MaxMagnitudeInQuadCatalog>
                    <SaveImagesToDisk>1</SaveImagesToDisk>
                    <RiceX>5</RiceX>
                    <RiceY>25</RiceY>
                    <SendThumbnails>0</SendThumbnails>
                    <TargetID>HD_38949</TargetID>
                    <TargetRA>87.08333717174848</TargetRA>
                    <TargetDEC>-24.46410458535725</TargetDEC>
                    <StarRoiDetMethod>1</StarRoiDetMethod>
                    <numPredefinedStarRois>9</numPredefinedStarRois>
                    <PredefinedStarRoiRa>
                        <RA1>87.08333717174848</RA1>
                        <RA2>87.1378442681438</RA2>
                        <RA3>86.98500755729762</RA3>
                        <RA4>86.92644853251187</RA4>
                        <RA5>86.92960520350267</RA5>
                        <RA6>87.34704625368744</RA6>
                        <RA7>87.34774219194658</RA7>
                        <RA8>86.80798722510778</RA8>
                        <RA9>87.33816263107846</RA9>
                    </PredefinedStarRoiRa>
                    <PredefinedStarRoiDec>
                       <Dec1>-24.46410458535725</Dec1>
                       <Dec2>-24.40799131818154</Dec2>
                       <Dec3>-24.38488737863343</Dec3>
                       <Dec4>-24.437539982562154</Dec4>
                       <Dec5>-24.410656869379824</Dec5>
                       <Dec6>-24.460588959688668</Dec6>
                       <Dec7>-24.460294669644174</Dec7>
                       <Dec8>-24.4939255459669</Dec8>
                       <Dec9>-24.36372230613321</Dec9>
                    </PredefinedStarRoiDec>
                    <FramesPerCoadd>50</FramesPerCoadd>
                    <ExposureTime_us>200000</ExposureTime_us>
                    <MaxNumStarRois>9</MaxNumStarRois>
                    <StarRoiDimension>50</StarRoiDimension>
                    <NumTotalFramesRequested>120000</NumTotalFramesRequested>
                </AcquireVisCamScienceData>
            </Payload_Parameters>
        </Observation_Sequence>
    </Visit>
</ScienceCalendar>