<?xml version="1.0" ?>
<ScienceCalendar xmlns="/pandora/calendar/">
<Meta Valid_From="2026-01-05 00:00:00" Expires="2026-02-5 00:00:00" Calendar_Weights="0.0, 0.0, 1.0" Ephemeris="sma=6828.14, ecc=0.0, inc=97.2188, aop=0.0, raan=303.263, ta=0.0" Keepout_Angles="90.0, 25.0, 63.0" Created="2025-09-19 14:20:52.506870" Delivery_Id=""/>
    <Visit>
        <ID>0360</ID>
        <Observation_Sequence>
            <ID>001</ID>
            <Observational_Parameters>
                <Target>HD_70138</Target>
                <Priority>1</Priority>
                <Timing>
                    <Start>2026-01-15T03:36:45Z</Start>
                    <Stop>2026-01-15T10:38:00Z</Stop>
                </Timing>
                <Boresight>
                    <RA>124.9295329854241</RA>
                    <DEC>-18.264659251174997</DEC>
                </Boresight>
            </Observational_Parameters>
            <Payload_Parameters>
                <AcquireInfCamImages>
                    <AverageGroups>1</AverageGroups>
                    <ROI_StartX>1968</ROI_StartX>
                    <ROI_StartY>824</ROI_StartY>
                    <ROI_SizeX>80</ROI_SizeX>
                    <ROI_SizeY>400</ROI_SizeY>
                    <RiceX>5</RiceX>
                    <RiceY>28</RiceY>
                    <SaveImagesToDisk>1</SaveImagesToDisk>
                    <SendThumbnails>1</SendThumbnails>
                    <ThumbnailBinSize>1</ThumbnailBinSize>
                    <ThumbnailCompressionType>1</ThumbnailCompressionType>
                    <TargetID>HD_70138</TargetID>
                    <SC_Resets1>1</SC_Resets1>
                    <SC_Resets2>1</SC_Resets2>
                    <SC_DropFrames1>0</SC_DropFrames1>
                    <SC_DropFrames2>16</SC_DropFrames2>
                    <SC_DropFrames3>0</SC_DropFrames3>
                    <SC_ReadFrames>1</SC_ReadFrames>
                    <SC_Groups>2</SC_Groups>
                    <SC_Integrations>3417</SC_Integrations>
                </AcquireInfCamImages>
                <AcquireVisCamScienceData>
                    <IncludeFieldSolnsInResp>1</IncludeFieldSolnsInResp>
                    <ROI_StartX>384</ROI_StartX>
                    <ROI_StartY>384</ROI_StartY>
                    <ROI_SizeX>1280</ROI_SizeX>
                    <ROI_SizeY>1280</ROI_SizeY>
                    <MaxMagnitudeInQuadCatalog>16.5</MaxMagnitudeInQuadCatalog>
                    <SaveImagesToDisk>1</SaveImagesToDisk>
                    <RiceX>5</RiceX>
                    <RiceY>25</RiceY>
                    <SendThumbnails>0</SendThumbnails>
                    <TargetID>HD_70138</TargetID>
                    <TargetRA>124.9295329854241</TargetRA>
                    <TargetDEC>-18.264659251174997</TargetDEC>
                    <StarRoiDetMethod>1</StarRoiDetMethod>
                    <numPredefinedStarRois>9</numPredefinedStarRois>
                    <PredefinedStarRoiRa>
                        <RA1>124.9295329854241</RA1>
                        <RA2>124.9722129834121</RA2>
                        <RA3>125.01470591489526</RA3>
                        <RA4>124.85808753404952</RA4>
                        <RA5>124.78450784174706</RA5>
                        <RA6>124.96241886322397</RA6>
                        <RA7>124.77108668382587</RA7>
                        <RA8>125.0396563272338</RA8>
                        <RA9>124.85410921361873</RA9>
                    </PredefinedStarRoiRa>
                    <PredefinedStarRoiDec>
                       <Dec1>-18.264659251174997</Dec1>
                       <Dec2>-18.35418388846603</Dec2>
                       <Dec3>-18.20788945445495</Dec3>
                       <Dec4>-18.178068764491666</Dec4>
                       <Dec5>-18.323255574207444</Dec5>
                       <Dec6>-18.11793135709613</Dec6>
                       <Dec7>-18.238942530654793</Dec7>
                       <Dec8>-18.379130472960725</Dec8>
                       <Dec9>-18.46514168307516</Dec9>
                    </PredefinedStarRoiDec>
                    <FramesPerCoadd>50</FramesPerCoadd>
                    <ExposureTime_us>200000</ExposureTime_us>
                    <MaxNumStarRois>9</MaxNumStarRois>
                    <StarRoiDimension>50</StarRoiDimension>
                    <NumTotalFramesRequested>120000</NumTotalFramesRequested>
                </AcquireVisCamScienceData>
            </Payload_Parameters>
        </Observation_Sequence>
    </Visit>
</ScienceCalendar>