<?xml version="1.0" ?>
<ScienceCalendar xmlns="/pandora/calendar/">
<Meta Valid_From="2026-01-05 00:00:00" Expires="2026-02-5 00:00:00" Calendar_Weights="0.0, 0.0, 1.0" Ephemeris="sma=6828.14, ecc=0.0, inc=97.2188, aop=0.0, raan=303.263, ta=0.0" Keepout_Angles="90.0, 25.0, 63.0" Created="2025-09-19 14:20:52.506870" Delivery_Id=""/>
    <Visit>
        <ID>0360</ID>
        <Observation_Sequence>
            <ID>004</ID>
            <Observational_Parameters>
                <Target>IRAS_09484-6242</Target>
                <Priority>1</Priority>
                <Timing>
                    <Start>2026-01-15T03:37:06Z</Start>
                    <Stop>2026-01-15T10:38:21Z</Stop>
                </Timing>
                <Boresight>
                    <RA>147.32942887530257</RA>
                    <DEC>-63.011285495511025</DEC>
                </Boresight>
            </Observational_Parameters>
            <Payload_Parameters>
                <AcquireInfCamImages>
                    <AverageGroups>1</AverageGroups>
                    <ROI_StartX>1968</ROI_StartX>
                    <ROI_StartY>824</ROI_StartY>
                    <ROI_SizeX>80</ROI_SizeX>
                    <ROI_SizeY>400</ROI_SizeY>
                    <RiceX>5</RiceX>
                    <RiceY>28</RiceY>
                    <SaveImagesToDisk>1</SaveImagesToDisk>
                    <SendThumbnails>1</SendThumbnails>
                    <ThumbnailBinSize>1</ThumbnailBinSize>
                    <ThumbnailCompressionType>1</ThumbnailCompressionType>
                    <TargetID>IRAS_09484-6242</TargetID>
                    <SC_Resets1>1</SC_Resets1>
                    <SC_Resets2>1</SC_Resets2>
                    <SC_DropFrames1>0</SC_DropFrames1>
                    <SC_DropFrames2>16</SC_DropFrames2>
                    <SC_DropFrames3>0</SC_DropFrames3>
                    <SC_ReadFrames>1</SC_ReadFrames>
                    <SC_Groups>2</SC_Groups>
                    <SC_Integrations>3417</SC_Integrations>
                </AcquireInfCamImages>
                <AcquireVisCamScienceData>
                    <IncludeFieldSolnsInResp>1</IncludeFieldSolnsInResp>
                    <ROI_StartX>384</ROI_StartX>
                    <ROI_StartY>384</ROI_StartY>
                    <ROI_SizeX>1280</ROI_SizeX>
                    <ROI_SizeY>1280</ROI_SizeY>
                    <MaxMagnitudeInQuadCatalog>16.5</MaxMagnitudeInQuadCatalog>
                    <SaveImagesToDisk>1</SaveImagesToDisk>
                    <RiceX>5</RiceX>
                    <RiceY>25</RiceY>
                    <SendThumbnails>0</SendThumbnails>
                    <TargetID>IRAS_09484-6242</TargetID>
                    <TargetRA>147.32942887530257</TargetRA>
                    <TargetDEC>-63.011285495511025</TargetDEC>
                    <StarRoiDetMethod>1</StarRoiDetMethod>
                    <numPredefinedStarRois>9</numPredefinedStarRois>
                    <PredefinedStarRoiRa>
                        <RA1>147.32942887530257</RA1>
                        <RA2>147.26760818006747</RA2>
                        <RA3>147.2650076197231</RA3>
                        <RA4>147.2106277910077</RA4>
                        <RA5>147.3773103152573</RA5>
                        <RA6>147.14878862051535</RA6>
                        <RA7>147.41778975538094</RA7>
                        <RA8>147.84136133743075</RA8>
                        <RA9>147.88943639784813</RA9>
                    </PredefinedStarRoiRa>
                    <PredefinedStarRoiDec>
                       <Dec1>-63.011285495511025</Dec1>
                       <Dec2>-63.02285220204024</Dec2>
                       <Dec3>-63.02225790342177</Dec3>
                       <Dec4>-62.99546185604061</Dec4>
                       <Dec5>-62.793185710287226</Dec5>
                       <Dec6>-62.85535378784422</Dec6>
                       <Dec7>-62.7672201679198</Dec7>
                       <Dec8>-63.05296522417219</Dec8>
                       <Dec9>-63.01659061786399</Dec9>
                    </PredefinedStarRoiDec>
                    <FramesPerCoadd>50</FramesPerCoadd>
                    <ExposureTime_us>200000</ExposureTime_us>
                    <MaxNumStarRois>9</MaxNumStarRois>
                    <StarRoiDimension>50</StarRoiDimension>
                    <NumTotalFramesRequested>120000</NumTotalFramesRequested>
                </AcquireVisCamScienceData>
            </Payload_Parameters>
        </Observation_Sequence>
    </Visit>
</ScienceCalendar>